[
  {
    "id": "649c6c81-769a-400e-bf2d-a8d7c4d6f263",
    "data": [
      {
        "text": "tem tratamento ",
        "userDefined": false
      },
      {
        "text": "para",
        "meta": "@sys.ignore",
        "userDefined": false
      },
      {
        "text": " ",
        "userDefined": false
      },
      {
        "text": "hipertensão",
        "meta": "@doencas",
        "alias": "doencas",
        "userDefined": false
      },
      {
        "text": "?",
        "userDefined": false
      }
    ],
    "isTemplate": false,
    "count": 0,
    "lang": "pt-br",
    "updated": 0
  },
  {
    "id": "911f74f5-ce32-46ba-b9ae-ef4bb0464eb7",
    "data": [
      {
        "text": "tem cura pra ",
        "userDefined": false
      },
      {
        "text": "hipertensão",
        "meta": "@doencas",
        "alias": "doencas",
        "userDefined": false
      },
      {
        "text": "?",
        "userDefined": false
      }
    ],
    "isTemplate": false,
    "count": 0,
    "lang": "pt-br",
    "updated": 0
  },
  {
    "id": "af0cfaa4-e616-4b2a-9c01-5d19cb82e1c0",
    "data": [
      {
        "text": "qual a cura pra ",
        "userDefined": false
      },
      {
        "text": "hipertensão",
        "meta": "@doencas",
        "alias": "doencas",
        "userDefined": false
      }
    ],
    "isTemplate": false,
    "count": 0,
    "lang": "pt-br",
    "updated": 0
  },
  {
    "id": "07e346aa-29b0-4e9b-89ba-09d5f196ba56",
    "data": [
      {
        "text": "tratamento",
        "userDefined": false
      }
    ],
    "isTemplate": false,
    "count": 0,
    "lang": "pt-br",
    "updated": 0
  },
  {
    "id": "cd20ac60-26ac-4f5d-a88c-e767645d5ba0",
    "data": [
      {
        "text": "cura",
        "meta": "@sys.ignore",
        "userDefined": false
      }
    ],
    "isTemplate": false,
    "count": 0,
    "lang": "pt-br",
    "updated": 0
  }
]