[
  {
    "id": "d5eac8ca-7bbd-475c-b5af-504c06f12c9d",
    "data": [
      {
        "text": "sintomas",
        "userDefined": false
      }
    ],
    "isTemplate": false,
    "count": 0,
    "lang": "pt-br",
    "updated": 0
  },
  {
    "id": "489e1305-ac57-4069-bccc-22215d5e50e4",
    "data": [
      {
        "text": "sintoma",
        "userDefined": false
      }
    ],
    "isTemplate": false,
    "count": 0,
    "lang": "pt-br",
    "updated": 0
  },
  {
    "id": "524f7aef-a58d-4c0e-b833-5608fd41562b",
    "data": [
      {
        "text": "sintomas ",
        "userDefined": false
      },
      {
        "text": "tuberculose",
        "meta": "@doencas",
        "alias": "doencas",
        "userDefined": false
      }
    ],
    "isTemplate": false,
    "count": 0,
    "lang": "pt-br",
    "updated": 0
  },
  {
    "id": "4c130871-0a4b-416f-b437-fc9974da82ad",
    "data": [
      {
        "text": "sintomas da ",
        "userDefined": false
      },
      {
        "text": "tuberculose",
        "meta": "@doencas",
        "alias": "doencas",
        "userDefined": false
      }
    ],
    "isTemplate": false,
    "count": 0,
    "lang": "pt-br",
    "updated": 0
  },
  {
    "id": "90d3914e-28f7-40f3-a89b-ada15fd2c5a3",
    "data": [
      {
        "text": "quais os sintomas da ",
        "userDefined": false
      },
      {
        "text": "tuberculose",
        "meta": "@doencas",
        "alias": "doencas",
        "userDefined": false
      }
    ],
    "isTemplate": false,
    "count": 0,
    "lang": "pt-br",
    "updated": 0
  }
]