[
  {
    "id": "3a495e93-68b7-4aff-8958-e1a3d40d8cb4",
    "data": [
      {
        "text": "causa ",
        "userDefined": false
      },
      {
        "text": "dpoc",
        "meta": "@doencas",
        "alias": "doencas",
        "userDefined": false
      }
    ],
    "isTemplate": false,
    "count": 0,
    "lang": "pt-br",
    "updated": 0
  },
  {
    "id": "3cc07370-533b-45b2-9ac5-f298cddb2c95",
    "data": [
      {
        "text": "causa",
        "userDefined": false
      }
    ],
    "isTemplate": false,
    "count": 0,
    "lang": "pt-br",
    "updated": 0
  },
  {
    "id": "0f4f5aa2-dc60-4baa-8dfa-ea2ebbbb7840",
    "data": [
      {
        "text": "causa do ",
        "userDefined": false
      },
      {
        "text": "dpoc",
        "meta": "@doencas",
        "alias": "doencas",
        "userDefined": false
      }
    ],
    "isTemplate": false,
    "count": 0,
    "lang": "pt-br",
    "updated": 0
  },
  {
    "id": "da0fca17-ac9b-4927-be7e-76d16b298874",
    "data": [
      {
        "text": "o que causa ",
        "userDefined": false
      },
      {
        "text": "DPOC",
        "meta": "@doencas",
        "alias": "doencas",
        "userDefined": false
      }
    ],
    "isTemplate": false,
    "count": 0,
    "lang": "pt-br",
    "updated": 0
  }
]