[
  {
    "id": "38775897-9303-404c-8355-5aa469b36e54",
    "data": [
      {
        "text": "sintomas",
        "userDefined": false
      }
    ],
    "isTemplate": false,
    "count": 0,
    "lang": "pt-br",
    "updated": 0
  },
  {
    "id": "aecf0d36-fe7b-4c15-ba84-ba6517965dc7",
    "data": [
      {
        "text": "sintoma",
        "userDefined": false
      }
    ],
    "isTemplate": false,
    "count": 0,
    "lang": "pt-br",
    "updated": 0
  },
  {
    "id": "a5e78370-15f6-4238-a7fd-db808d9ec193",
    "data": [
      {
        "text": "quais são os sintomas da ",
        "userDefined": false
      },
      {
        "text": "asma",
        "meta": "@doencas",
        "alias": "doencas",
        "userDefined": false
      },
      {
        "text": "?",
        "userDefined": false
      }
    ],
    "isTemplate": false,
    "count": 0,
    "lang": "pt-br",
    "updated": 0
  },
  {
    "id": "b6605272-1064-4a4a-8069-5bc4eb0efdf7",
    "data": [
      {
        "text": "sintomas ",
        "userDefined": false
      },
      {
        "text": "asma",
        "meta": "@doencas",
        "alias": "doencas",
        "userDefined": false
      }
    ],
    "isTemplate": false,
    "count": 0,
    "lang": "pt-br",
    "updated": 0
  },
  {
    "id": "f801a1bb-1314-4ae6-be85-f28fafbf5081",
    "data": [
      {
        "text": "quais os sintomas da ",
        "userDefined": false
      },
      {
        "text": "asma",
        "meta": "@doencas",
        "alias": "doencas",
        "userDefined": false
      },
      {
        "text": "?",
        "userDefined": false
      }
    ],
    "isTemplate": false,
    "count": 0,
    "lang": "pt-br",
    "updated": 0
  }
]