[
  {
    "id": "2980c18a-54b6-4d3e-a4de-e3f37dca0e2b",
    "data": [
      {
        "text": "causa",
        "userDefined": false
      }
    ],
    "isTemplate": false,
    "count": 0,
    "lang": "pt-br",
    "updated": 0
  },
  {
    "id": "a7a1cd58-0db8-4e31-8732-c5e1ca3154d5",
    "data": [
      {
        "text": "causa da ",
        "userDefined": false
      },
      {
        "text": "tuberculose",
        "meta": "@doencas",
        "alias": "doencas",
        "userDefined": false
      }
    ],
    "isTemplate": false,
    "count": 0,
    "lang": "pt-br",
    "updated": 0
  },
  {
    "id": "307d0a3f-7307-4c3c-a7ed-efd1a93f269b",
    "data": [
      {
        "text": "o que causa a ",
        "userDefined": false
      },
      {
        "text": "tuberculose",
        "meta": "@doencas",
        "alias": "doencas",
        "userDefined": false
      }
    ],
    "isTemplate": false,
    "count": 0,
    "lang": "pt-br",
    "updated": 0
  },
  {
    "id": "12f30c55-52eb-44f2-9ae4-c3ef332b4cda",
    "data": [
      {
        "text": "causas da ",
        "userDefined": false
      },
      {
        "text": "tuberculose",
        "meta": "@doencas",
        "alias": "doencas",
        "userDefined": true
      }
    ],
    "isTemplate": false,
    "count": 0,
    "lang": "pt-br",
    "updated": 0
  },
  {
    "id": "f60bf647-85e0-4c3d-bd13-63d2196256da",
    "data": [
      {
        "text": "o que causa ",
        "userDefined": false
      },
      {
        "text": "tuberculose",
        "meta": "@doencas",
        "alias": "doencas",
        "userDefined": false
      }
    ],
    "isTemplate": false,
    "count": 0,
    "lang": "pt-br",
    "updated": 0
  }
]