[
  {
    "id": "6e911662-555c-40e5-985a-c99ce3f51223",
    "data": [
      {
        "text": "o ",
        "userDefined": false
      },
      {
        "text": "dpoc",
        "meta": "@doencas",
        "alias": "doencas",
        "userDefined": false
      },
      {
        "text": " tem cura?",
        "userDefined": false
      }
    ],
    "isTemplate": false,
    "count": 0,
    "lang": "pt-br",
    "updated": 0
  },
  {
    "id": "169da760-8bfe-4906-95c5-e7531c3b3d30",
    "data": [
      {
        "text": "cura ",
        "userDefined": false
      },
      {
        "text": "dpoc",
        "meta": "@doencas",
        "alias": "doencas",
        "userDefined": false
      }
    ],
    "isTemplate": false,
    "count": 0,
    "lang": "pt-br",
    "updated": 0
  },
  {
    "id": "abc6a5d4-f9a3-4b61-a470-82a2392e6012",
    "data": [
      {
        "text": "cura",
        "meta": "@sys.ignore",
        "userDefined": false
      }
    ],
    "isTemplate": false,
    "count": 0,
    "lang": "pt-br",
    "updated": 0
  },
  {
    "id": "45726a2e-ec52-47e8-9839-69a47ac3a5bc",
    "data": [
      {
        "text": "tratamento",
        "userDefined": false
      }
    ],
    "isTemplate": false,
    "count": 0,
    "lang": "pt-br",
    "updated": 0
  },
  {
    "id": "f647aa98-c088-4e55-94f3-571beaa20cd8",
    "data": [
      {
        "text": "tratamento ",
        "userDefined": false
      },
      {
        "text": "dpoc",
        "meta": "@doencas",
        "alias": "doencas",
        "userDefined": false
      }
    ],
    "isTemplate": false,
    "count": 0,
    "lang": "pt-br",
    "updated": 0
  },
  {
    "id": "4b9f822a-b651-47ab-857b-3786b4ffa65f",
    "data": [
      {
        "text": "qual o tratamento ",
        "userDefined": false
      },
      {
        "text": "para",
        "meta": "@sys.ignore",
        "userDefined": false
      },
      {
        "text": " ",
        "userDefined": false
      },
      {
        "text": "dpoc",
        "meta": "@doencas",
        "alias": "doencas",
        "userDefined": false
      }
    ],
    "isTemplate": false,
    "count": 0,
    "lang": "pt-br",
    "updated": 0
  }
]