[
  {
    "id": "099c96f7-ba0b-47a7-95db-23e6d90feda7",
    "data": [
      {
        "text": "causa da ",
        "userDefined": false
      },
      {
        "text": "hipertensão",
        "meta": "@doencas",
        "alias": "doencas",
        "userDefined": false
      }
    ],
    "isTemplate": false,
    "count": 0,
    "lang": "pt-br",
    "updated": 0
  },
  {
    "id": "5778f688-e9b6-4558-8aad-25472750f7e2",
    "data": [
      {
        "text": "causa",
        "userDefined": false
      }
    ],
    "isTemplate": false,
    "count": 0,
    "lang": "pt-br",
    "updated": 0
  },
  {
    "id": "d68cd02e-1826-464a-9e0f-3bb95d7b6fce",
    "data": [
      {
        "text": "causa ",
        "userDefined": false
      },
      {
        "text": "hipertensão",
        "meta": "@doencas",
        "alias": "doencas",
        "userDefined": true
      }
    ],
    "isTemplate": false,
    "count": 0,
    "lang": "pt-br",
    "updated": 0
  },
  {
    "id": "2b5610f5-b929-4177-9b65-2ec040df013a",
    "data": [
      {
        "text": "o que causa ",
        "userDefined": false
      },
      {
        "text": "hipertensão",
        "meta": "@doencas",
        "alias": "doencas",
        "userDefined": false
      },
      {
        "text": "?",
        "userDefined": false
      }
    ],
    "isTemplate": false,
    "count": 0,
    "lang": "pt-br",
    "updated": 0
  }
]