[
  {
    "id": "9ac2ec30-48c5-4c88-ad37-b57a743089b5",
    "data": [
      {
        "text": "meu nome é ",
        "userDefined": false
      },
      {
        "text": "jeferson",
        "meta": "@sys.person",
        "alias": "person",
        "userDefined": false
      },
      {
        "text": " e eu queria ver o que eu devo",
        "userDefined": false
      }
    ],
    "isTemplate": false,
    "count": 0,
    "lang": "pt-br",
    "updated": 0
  },
  {
    "id": "02c1e60d-6d2a-41ae-bfe2-b3b690726090",
    "data": [
      {
        "text": "dívidas",
        "userDefined": false
      }
    ],
    "isTemplate": false,
    "count": 0,
    "lang": "pt-br",
    "updated": 0
  },
  {
    "id": "0d7932be-1c4e-4485-8b40-fb6238970948",
    "data": [
      {
        "text": "dividas",
        "userDefined": false
      }
    ],
    "isTemplate": false,
    "count": 0,
    "lang": "pt-br",
    "updated": 0
  },
  {
    "id": "9682356a-18a9-4e45-a7d9-34b5b2c28707",
    "data": [
      {
        "text": "o que eu devo pra vcs?",
        "userDefined": false
      }
    ],
    "isTemplate": false,
    "count": 0,
    "lang": "pt-br",
    "updated": 0
  },
  {
    "id": "23907019-af44-41b2-82ef-729213864030",
    "data": [
      {
        "text": "quais são as minhas dividas?",
        "userDefined": false
      }
    ],
    "isTemplate": false,
    "count": 0,
    "lang": "pt-br",
    "updated": 0
  },
  {
    "id": "e211965f-5043-424b-825e-331738ff874c",
    "data": [
      {
        "text": "o que eu devo?",
        "userDefined": false
      }
    ],
    "isTemplate": false,
    "count": 0,
    "lang": "pt-br",
    "updated": 0
  }
]