[
  {
    "id": "5260a37a-70b1-4cd5-a23e-d3e9a771351a",
    "data": [
      {
        "text": "pagar",
        "meta": "@sys.ignore",
        "userDefined": true
      },
      {
        "text": " minhas dividas",
        "userDefined": false
      }
    ],
    "isTemplate": false,
    "count": 1,
    "lang": "pt-br",
    "updated": 0
  },
  {
    "id": "22339628-1877-4206-bde7-2eb99bd6b372",
    "data": [
      {
        "text": "pagar",
        "meta": "@sys.ignore",
        "userDefined": true
      },
      {
        "text": " a divida",
        "userDefined": false
      }
    ],
    "isTemplate": false,
    "count": 0,
    "lang": "pt-br",
    "updated": 0
  },
  {
    "id": "f6cd0705-48b6-4b75-ae30-6ddffc6c7fc4",
    "data": [
      {
        "text": "pagar",
        "meta": "@sys.ignore",
        "userDefined": true
      },
      {
        "text": " divida",
        "userDefined": false
      }
    ],
    "isTemplate": false,
    "count": 0,
    "lang": "pt-br",
    "updated": 0
  },
  {
    "id": "f8e4316b-82c2-48cd-86e6-95edcf507dfe",
    "data": [
      {
        "text": "quero ",
        "userDefined": false
      },
      {
        "text": "pagar",
        "meta": "@sys.ignore",
        "userDefined": true
      },
      {
        "text": " minha divida",
        "userDefined": false
      }
    ],
    "isTemplate": false,
    "count": 0,
    "lang": "pt-br",
    "updated": 0
  },
  {
    "id": "6d82f5b6-782d-42a5-943a-1ff3633c6aa1",
    "data": [
      {
        "text": "vou ",
        "userDefined": false
      },
      {
        "text": "pagar",
        "meta": "@sys.ignore",
        "userDefined": true
      }
    ],
    "isTemplate": false,
    "count": 0,
    "lang": "pt-br",
    "updated": 0
  },
  {
    "id": "0c69f23c-a48c-4d1d-bce2-0ce2742c8a59",
    "data": [
      {
        "text": "quero ",
        "userDefined": false
      },
      {
        "text": "pagar",
        "meta": "@sys.ignore",
        "userDefined": true
      }
    ],
    "isTemplate": false,
    "count": 0,
    "lang": "pt-br",
    "updated": 0
  },
  {
    "id": "a2f6c5c7-be98-409a-bb39-8aceeeef0586",
    "data": [
      {
        "text": "pagar",
        "meta": "@sys.ignore",
        "userDefined": true
      }
    ],
    "isTemplate": false,
    "count": 0,
    "lang": "pt-br",
    "updated": 0
  }
]