[
  {
    "id": "73f75e7c-3aee-4da9-b42a-6473914111ee",
    "data": [
      {
        "text": "pagar no crédito",
        "userDefined": false
      }
    ],
    "isTemplate": false,
    "count": 0,
    "lang": "pt-br",
    "updated": 0
  },
  {
    "id": "ce0e76d5-5151-4462-abcd-8198bd7599ad",
    "data": [
      {
        "text": "credito",
        "userDefined": false
      }
    ],
    "isTemplate": false,
    "count": 0,
    "lang": "pt-br",
    "updated": 0
  },
  {
    "id": "9daa64ad-44ae-431c-b3e1-881a443af0be",
    "data": [
      {
        "text": "crédito",
        "userDefined": false
      }
    ],
    "isTemplate": false,
    "count": 0,
    "lang": "pt-br",
    "updated": 0
  }
]