[
  {
    "id": "26ab0399-b923-4bb8-a3dc-8a6f55853350",
    "data": [
      {
        "text": "qual será a temperatura máxima de hoje",
        "userDefined": false
      }
    ],
    "isTemplate": false,
    "count": 0,
    "lang": "pt-br",
    "updated": 0
  },
  {
    "id": "9e9cba6c-1651-40e8-90e4-efc051455531",
    "data": [
      {
        "text": "hoje",
        "meta": "@sys.ignore",
        "userDefined": false
      },
      {
        "text": " ",
        "userDefined": false
      },
      {
        "text": "irá",
        "meta": "@sys.ignore",
        "userDefined": false
      },
      {
        "text": " chover?",
        "userDefined": false
      }
    ],
    "isTemplate": false,
    "count": 0,
    "lang": "pt-br",
    "updated": 0
  },
  {
    "id": "513372ca-3b1d-4321-a6cf-ff8595b195a4",
    "data": [
      {
        "text": "qual é a temperatura ",
        "userDefined": false
      },
      {
        "text": "para",
        "meta": "@sys.ignore",
        "userDefined": false
      },
      {
        "text": " ",
        "userDefined": false
      },
      {
        "text": "hoje",
        "meta": "@sys.ignore",
        "userDefined": false
      }
    ],
    "isTemplate": false,
    "count": 0,
    "lang": "pt-br",
    "updated": 0
  },
  {
    "id": "67898d6a-e437-4e9f-b6ce-5314db7a52f9",
    "data": [
      {
        "text": "clima de ",
        "userDefined": false
      },
      {
        "text": "hoje",
        "meta": "@sys.ignore",
        "userDefined": false
      }
    ],
    "isTemplate": false,
    "count": 0,
    "lang": "pt-br",
    "updated": 0
  },
  {
    "id": "a54202b2-1d9a-482d-b90d-8d4fbfcef12e",
    "data": [
      {
        "text": "qual é a previsão do tempo ",
        "userDefined": false
      },
      {
        "text": "para",
        "meta": "@sys.ignore",
        "userDefined": false
      },
      {
        "text": " ",
        "userDefined": false
      },
      {
        "text": "hoje",
        "meta": "@sys.ignore",
        "userDefined": false
      }
    ],
    "isTemplate": false,
    "count": 0,
    "lang": "pt-br",
    "updated": 0
  }
]