[
  {
    "value": "sinistro",
    "synonyms": [
      "sinistro"
    ]
  },
  {
    "value": "atendente",
    "synonyms": [
      "atendente"
    ]
  },
  {
    "value": "atualizar dados pessoais",
    "synonyms": [
      "atualizar dados pessoais"
    ]
  },
  {
    "value": "renovar apólice",
    "synonyms": [
      "renovar apolice"
    ]
  },
  {
    "value": "cobertura da apólice",
    "synonyms": [
      "cobertura da apolice"
    ]
  },
  {
    "value": "detalhe Apólice",
    "synonyms": [
      "detalhe Apolice"
    ]
  },
  {
    "value": "pagamentos",
    "synonyms": [
      "pagamentos"
    ]
  }
]