[
  {
    "id": "e8eaba31-5ea8-40f6-a94f-6b3616dbf057",
    "data": [
      {
        "text": "2",
        "meta": "@ReservasCanceladas",
        "alias": "reservascanceladas",
        "userDefined": true
      }
    ],
    "isTemplate": false,
    "count": 0,
    "lang": "pt-br",
    "updated": 0
  },
  {
    "id": "149319ef-1705-40cc-beac-db4bf0b619ef",
    "data": [
      {
        "text": "1",
        "meta": "@ReservasCanceladas",
        "alias": "reservascanceladas",
        "userDefined": true
      }
    ],
    "isTemplate": false,
    "count": 0,
    "lang": "pt-br",
    "updated": 0
  },
  {
    "id": "4a235cd6-80a2-49dc-ba1a-f784f0d7b977",
    "data": [
      {
        "text": "reserva 1",
        "meta": "@ReservasCanceladas",
        "alias": "reservascanceladas",
        "userDefined": false
      }
    ],
    "isTemplate": false,
    "count": 0,
    "lang": "pt-br",
    "updated": 0
  },
  {
    "id": "63bed78a-5362-4e95-b0fc-c8b30509a524",
    "data": [
      {
        "text": "reserva 2",
        "meta": "@ReservasCanceladas",
        "alias": "reservascanceladas",
        "userDefined": false
      }
    ],
    "isTemplate": false,
    "count": 0,
    "lang": "pt-br",
    "updated": 0
  }
]