[
  {
    "id": "ad858a54-c45d-4a17-ac8c-05208e5b066f",
    "data": [
      {
        "text": "RG",
        "userDefined": false
      }
    ],
    "isTemplate": false,
    "count": 0,
    "lang": "pt-br",
    "updated": 0
  },
  {
    "id": "90d51c83-d909-40a3-884c-f61db2d1225c",
    "data": [
      {
        "text": "gabriel",
        "meta": "@sys.person",
        "alias": "person",
        "userDefined": false
      }
    ],
    "isTemplate": false,
    "count": 0,
    "lang": "pt-br",
    "updated": 0
  },
  {
    "id": "0c9dec23-5565-4e7a-ba6e-d2812f5d8b53",
    "data": [
      {
        "text": "123456789",
        "meta": "@sys.number",
        "alias": "number",
        "userDefined": true
      }
    ],
    "isTemplate": false,
    "count": 0,
    "lang": "pt-br",
    "updated": 0
  }
]