[
  {
    "id": "f61ce550-57a4-44cb-b074-f06e2221cfb8",
    "data": [
      {
        "text": "gabriel",
        "meta": "@sys.person",
        "alias": "person",
        "userDefined": false
      }
    ],
    "isTemplate": false,
    "count": 0,
    "lang": "pt-br",
    "updated": 0
  },
  {
    "id": "5bf31ff8-506c-440e-822b-04cb9c14fb23",
    "data": [
      {
        "text": "numero do passaporte",
        "userDefined": false
      }
    ],
    "isTemplate": false,
    "count": 0,
    "lang": "pt-br",
    "updated": 0
  },
  {
    "id": "2c10bd85-a3b6-459c-b2a5-290b1fdd070f",
    "data": [
      {
        "text": "MN929679",
        "meta": "@Passaporte",
        "alias": "Passaporte",
        "userDefined": true
      }
    ],
    "isTemplate": false,
    "count": 0,
    "lang": "pt-br",
    "updated": 0
  }
]