[
  {
    "id": "dd78e7dd-43f3-492f-aadc-c1a621e17237",
    "data": [
      {
        "text": "minhas reservas",
        "userDefined": false
      }
    ],
    "isTemplate": false,
    "count": 0,
    "lang": "pt-br",
    "updated": 0
  },
  {
    "id": "7b70acef-de85-4f52-9680-6b579010bec5",
    "data": [
      {
        "text": "gostaria de ver minhas reservas",
        "userDefined": false
      }
    ],
    "isTemplate": false,
    "count": 0,
    "lang": "pt-br",
    "updated": 0
  },
  {
    "id": "0217c341-a296-4790-8266-e967809fc21b",
    "data": [
      {
        "text": "Ver Minhas Reservas",
        "userDefined": false
      }
    ],
    "isTemplate": false,
    "count": 1,
    "lang": "pt-br",
    "updated": 0
  },
  {
    "id": "ea300f17-a87f-43e6-ac77-1b0017758c58",
    "data": [
      {
        "text": "Gabriel",
        "meta": "@sys.person",
        "alias": "person",
        "userDefined": false
      }
    ],
    "isTemplate": false,
    "count": 0,
    "lang": "pt-br",
    "updated": 0
  }
]