[
  {
    "id": "c6098f52-9e07-46fe-aab8-29cf06da4f98",
    "data": [
      {
        "text": "obrigado",
        "userDefined": false
      }
    ],
    "isTemplate": false,
    "count": 0,
    "lang": "pt-br",
    "updated": 0
  },
  {
    "id": "0c025cd4-ce2e-4c03-9c3e-5a91aa1fdde2",
    "data": [
      {
        "text": "valeu",
        "meta": "@sys.ignore",
        "userDefined": false
      }
    ],
    "isTemplate": false,
    "count": 0,
    "lang": "pt-br",
    "updated": 0
  },
  {
    "id": "31c7fbd8-88a2-421b-a488-23088f9e6543",
    "data": [
      {
        "text": "certo",
        "userDefined": false
      }
    ],
    "isTemplate": false,
    "count": 0,
    "lang": "pt-br",
    "updated": 0
  },
  {
    "id": "a0fa8849-a2cb-471f-b4ea-802dc901bb55",
    "data": [
      {
        "text": "obrigado!",
        "userDefined": false
      }
    ],
    "isTemplate": false,
    "count": 0,
    "lang": "pt-br",
    "updated": 0
  }
]