[
  {
    "id": "308f707c-a051-4da1-90ad-24da4a87a4bf",
    "data": [
      {
        "text": "disponivel",
        "userDefined": false
      }
    ],
    "isTemplate": false,
    "count": 0,
    "lang": "pt-br",
    "updated": 0
  },
  {
    "id": "3228622c-cae2-4153-8a0b-76d2aaf211a8",
    "data": [
      {
        "text": "disponível",
        "userDefined": false
      }
    ],
    "isTemplate": false,
    "count": 0,
    "lang": "pt-br",
    "updated": 0
  },
  {
    "id": "b8054bcf-f739-41ef-92b5-a48dc1c47d79",
    "data": [
      {
        "text": "agenda disponivel",
        "userDefined": false
      }
    ],
    "isTemplate": false,
    "count": 0,
    "lang": "pt-br",
    "updated": 0
  },
  {
    "id": "70666e6c-4a2d-4625-9ddb-3b3d2bfcb58a",
    "data": [
      {
        "text": "horarios disponiveis",
        "userDefined": false
      }
    ],
    "isTemplate": false,
    "count": 0,
    "lang": "pt-br",
    "updated": 0
  },
  {
    "id": "7abb8d89-2063-4052-a791-a958f99ac9af",
    "data": [
      {
        "text": "disponibilidade agenda",
        "userDefined": false
      }
    ],
    "isTemplate": false,
    "count": 0,
    "lang": "pt-br",
    "updated": 0
  },
  {
    "id": "ab28a856-2778-468d-8ef0-85809c40e6f7",
    "data": [
      {
        "text": "disponibilidade da agenda",
        "userDefined": false
      }
    ],
    "isTemplate": false,
    "count": 0,
    "lang": "pt-br",
    "updated": 0
  },
  {
    "id": "76bdbbce-5eff-44c8-900c-04b4ca3f2d3a",
    "data": [
      {
        "text": "eu nome é ",
        "userDefined": false
      },
      {
        "text": "gabriel",
        "meta": "@sys.person",
        "alias": "person",
        "userDefined": false
      },
      {
        "text": " e eu quero ver a Disponibilidade na agenda,",
        "userDefined": false
      }
    ],
    "isTemplate": false,
    "count": 0,
    "lang": "pt-br",
    "updated": 0
  },
  {
    "id": "928b110f-7dca-4fe0-ac86-67f05ad30e44",
    "data": [
      {
        "text": "me mostre Disponibilidade na agenda",
        "userDefined": false
      }
    ],
    "isTemplate": false,
    "count": 0,
    "lang": "pt-br",
    "updated": 0
  },
  {
    "id": "8515fc87-f1f1-42b3-8bfa-cc4a53b4c7f8",
    "data": [
      {
        "text": "Ver Disponibilidade na agenda",
        "userDefined": false
      }
    ],
    "isTemplate": false,
    "count": 0,
    "lang": "pt-br",
    "updated": 0
  }
]