[
  {
    "id": "65866de4-d947-4d67-acff-48ed44895db9",
    "data": [
      {
        "text": "pagar no debito",
        "userDefined": false
      }
    ],
    "isTemplate": false,
    "count": 0,
    "lang": "pt-br",
    "updated": 0
  },
  {
    "id": "ba39ab58-4cdb-4fb4-b2ea-f117f7aa36f1",
    "data": [
      {
        "text": "pagar no débito",
        "userDefined": false
      }
    ],
    "isTemplate": false,
    "count": 0,
    "lang": "pt-br",
    "updated": 0
  },
  {
    "id": "c9203629-bad1-4c2e-84ec-44b10be8400d",
    "data": [
      {
        "text": "debito",
        "userDefined": false
      }
    ],
    "isTemplate": false,
    "count": 0,
    "lang": "pt-br",
    "updated": 0
  },
  {
    "id": "55738935-b743-4ed0-bd3f-1959aee75fd0",
    "data": [
      {
        "text": "débito",
        "userDefined": false
      }
    ],
    "isTemplate": false,
    "count": 0,
    "lang": "pt-br",
    "updated": 0
  }
]