[
  {
    "id": "63fca762-8179-4acf-a095-e86cc756d00c",
    "data": [
      {
        "text": "quero saber sobre a prevencao",
        "userDefined": false
      }
    ],
    "isTemplate": false,
    "count": 0,
    "lang": "pt-br",
    "updated": 0
  },
  {
    "id": "213af95b-a458-44e6-86f9-42592be83dd7",
    "data": [
      {
        "text": "prevencao",
        "meta": "@sys.ignore",
        "userDefined": false
      }
    ],
    "isTemplate": false,
    "count": 0,
    "lang": "pt-br",
    "updated": 0
  },
  {
    "id": "c6264203-7bbb-4e16-9e8b-2ca879c0c35a",
    "data": [
      {
        "text": "gostaria de saber sobre a prevenção",
        "userDefined": false
      }
    ],
    "isTemplate": false,
    "count": 0,
    "lang": "pt-br",
    "updated": 0
  },
  {
    "id": "9ed5c5dd-d1c0-4210-9613-a49d1df83e95",
    "data": [
      {
        "text": "como me proteger?",
        "userDefined": false
      }
    ],
    "isTemplate": false,
    "count": 0,
    "lang": "pt-br",
    "updated": 0
  },
  {
    "id": "67d12a04-c1b3-4867-8074-56be155f15ff",
    "data": [
      {
        "text": "tem prevenção?",
        "userDefined": false
      }
    ],
    "isTemplate": false,
    "count": 0,
    "lang": "pt-br",
    "updated": 0
  },
  {
    "id": "31a89c3f-8d6d-4fdb-8616-d6bc60da7963",
    "data": [
      {
        "text": "qual a prevenção?",
        "userDefined": false
      }
    ],
    "isTemplate": false,
    "count": 0,
    "lang": "pt-br",
    "updated": 0
  },
  {
    "id": "a6bfd32a-2c3f-486c-b953-f8c190cb84d0",
    "data": [
      {
        "text": "como me prevenir da doença?",
        "userDefined": false
      }
    ],
    "isTemplate": false,
    "count": 0,
    "lang": "pt-br",
    "updated": 0
  }
]