[
  {
    "id": "d774e4e4-03e0-4e6b-be90-9564a1de7e36",
    "data": [
      {
        "text": "quero saber dos sintomas",
        "userDefined": false
      }
    ],
    "isTemplate": false,
    "count": 0,
    "lang": "pt-br",
    "updated": 0
  },
  {
    "id": "71e95329-fdee-4990-8f8c-322b8131b230",
    "data": [
      {
        "text": "quero saber os sintomas",
        "userDefined": false
      }
    ],
    "isTemplate": false,
    "count": 0,
    "lang": "pt-br",
    "updated": 0
  },
  {
    "id": "e5dde565-2e80-492a-b9f9-81a7afc8faa3",
    "data": [
      {
        "text": "quero saber mais sobre os sintomas",
        "userDefined": false
      }
    ],
    "isTemplate": false,
    "count": 0,
    "lang": "pt-br",
    "updated": 0
  },
  {
    "id": "165cc27e-aaaa-4987-9ed8-fecf0bf620ac",
    "data": [
      {
        "text": "sintomas",
        "meta": "@sys.ignore",
        "userDefined": true
      }
    ],
    "isTemplate": false,
    "count": 0,
    "lang": "pt-br",
    "updated": 0
  },
  {
    "id": "9b5b5a02-2da5-471c-bc25-3785b0d003b9",
    "data": [
      {
        "text": "gostaria de saber os ",
        "userDefined": false
      },
      {
        "text": "sintomas",
        "meta": "@sys.ignore",
        "userDefined": true
      }
    ],
    "isTemplate": false,
    "count": 0,
    "lang": "pt-br",
    "updated": 0
  },
  {
    "id": "896455fb-181f-4092-bc37-299e7e6cbebf",
    "data": [
      {
        "text": "quais são os ",
        "userDefined": false
      },
      {
        "text": "sintomas",
        "meta": "@sys.ignore",
        "userDefined": true
      },
      {
        "text": "?",
        "userDefined": false
      }
    ],
    "isTemplate": false,
    "count": 0,
    "lang": "pt-br",
    "updated": 0
  }
]