[
  {
    "id": "140e2037-b2e8-48a9-bbdb-67eabac8c962",
    "data": [
      {
        "text": "tratamento ",
        "userDefined": false
      },
      {
        "text": "tuberculose",
        "meta": "@doencas",
        "alias": "doencas",
        "userDefined": false
      }
    ],
    "isTemplate": false,
    "count": 0,
    "lang": "pt-br",
    "updated": 0
  },
  {
    "id": "b443222b-d9d8-4651-a599-7cedd8654fbc",
    "data": [
      {
        "text": "cura ",
        "userDefined": false
      },
      {
        "text": "tuberculose",
        "meta": "@doencas",
        "alias": "doencas",
        "userDefined": false
      }
    ],
    "isTemplate": false,
    "count": 0,
    "lang": "pt-br",
    "updated": 0
  },
  {
    "id": "d3a130c4-726d-4aad-b259-493fed4b5b7f",
    "data": [
      {
        "text": "existe tratamento ",
        "userDefined": false
      },
      {
        "text": "para",
        "meta": "@sys.ignore",
        "userDefined": false
      },
      {
        "text": " a ",
        "userDefined": false
      },
      {
        "text": "tuberculose",
        "meta": "@doencas",
        "alias": "doencas",
        "userDefined": false
      },
      {
        "text": "?",
        "userDefined": false
      }
    ],
    "isTemplate": false,
    "count": 0,
    "lang": "pt-br",
    "updated": 0
  },
  {
    "id": "7168777e-88e5-4833-aa35-dd2aee19e266",
    "data": [
      {
        "text": "qual a cura da ",
        "userDefined": false
      },
      {
        "text": "tuberculose",
        "meta": "@doencas",
        "alias": "doencas",
        "userDefined": false
      },
      {
        "text": "?",
        "userDefined": false
      }
    ],
    "isTemplate": false,
    "count": 0,
    "lang": "pt-br",
    "updated": 0
  }
]