[
  {
    "id": "30a0c043-b2d6-45f6-8911-deae1a0b7a7c",
    "data": [
      {
        "text": "prevenção",
        "userDefined": false
      }
    ],
    "isTemplate": false,
    "count": 0,
    "lang": "pt-br",
    "updated": 0
  },
  {
    "id": "01450da1-95db-48d9-9ec5-b03a758ce29f",
    "data": [
      {
        "text": "prevenir",
        "userDefined": false
      }
    ],
    "isTemplate": false,
    "count": 0,
    "lang": "pt-br",
    "updated": 0
  },
  {
    "id": "5dba77fd-8bf3-49a2-90ea-4cde22deff71",
    "data": [
      {
        "text": "como prevenir a ",
        "userDefined": false
      },
      {
        "text": "tuberculose",
        "meta": "@doencas",
        "alias": "doencas",
        "userDefined": false
      },
      {
        "text": "?",
        "userDefined": false
      }
    ],
    "isTemplate": false,
    "count": 0,
    "lang": "pt-br",
    "updated": 0
  },
  {
    "id": "49de7b48-0684-4e38-bfae-d1ca9e8e8741",
    "data": [
      {
        "text": "prevenção ",
        "userDefined": false
      },
      {
        "text": "tuberculose",
        "meta": "@doencas",
        "alias": "doencas",
        "userDefined": false
      }
    ],
    "isTemplate": false,
    "count": 0,
    "lang": "pt-br",
    "updated": 0
  },
  {
    "id": "b8461c68-8e04-4c82-8564-58a03588a669",
    "data": [
      {
        "text": "como me prevenir da ",
        "userDefined": false
      },
      {
        "text": "tuberculose",
        "meta": "@doencas",
        "alias": "doencas",
        "userDefined": false
      },
      {
        "text": "?",
        "userDefined": false
      }
    ],
    "isTemplate": false,
    "count": 0,
    "lang": "pt-br",
    "updated": 0
  }
]