[
  {
    "id": "820c0c96-4d43-4baf-8c28-75501745c11f",
    "data": [
      {
        "text": "sintoma",
        "userDefined": false
      }
    ],
    "isTemplate": false,
    "count": 0,
    "lang": "pt-br",
    "updated": 0
  },
  {
    "id": "c799bd6c-4b7f-4e16-ba98-aae80f650d78",
    "data": [
      {
        "text": "sintomas ",
        "userDefined": false
      },
      {
        "text": "dpoc",
        "meta": "@doencas",
        "alias": "doencas",
        "userDefined": false
      }
    ],
    "isTemplate": false,
    "count": 0,
    "lang": "pt-br",
    "updated": 0
  },
  {
    "id": "0eceaad3-9595-4c8f-b3af-4e1dc4d50bb4",
    "data": [
      {
        "text": "sintomas",
        "userDefined": false
      }
    ],
    "isTemplate": false,
    "count": 0,
    "lang": "pt-br",
    "updated": 0
  },
  {
    "id": "755dfa9f-f828-4d9a-8891-0323f2886002",
    "data": [
      {
        "text": "quais os sintomas do ",
        "userDefined": false
      },
      {
        "text": "dpoc",
        "meta": "@doencas",
        "alias": "doencas",
        "userDefined": false
      },
      {
        "text": "?",
        "userDefined": false
      }
    ],
    "isTemplate": false,
    "count": 0,
    "lang": "pt-br",
    "updated": 0
  }
]