[
  {
    "id": "a4cb2b21-c7bb-4e1f-badb-5a1e7a27d857",
    "data": [
      {
        "text": "causa",
        "userDefined": false
      }
    ],
    "isTemplate": false,
    "count": 0,
    "lang": "pt-br",
    "updated": 0
  },
  {
    "id": "5ab23daa-9f98-40ab-8266-0dc6402aeccd",
    "data": [
      {
        "text": "o que causa ",
        "userDefined": false
      },
      {
        "text": "asma",
        "meta": "@doencas",
        "alias": "doencas",
        "userDefined": false
      }
    ],
    "isTemplate": false,
    "count": 0,
    "lang": "pt-br",
    "updated": 0
  },
  {
    "id": "53b63ba3-8d63-49ea-aadc-32a4a5583a17",
    "data": [
      {
        "text": "causa ",
        "userDefined": false
      },
      {
        "text": "asma",
        "meta": "@doencas",
        "alias": "doencas",
        "userDefined": false
      }
    ],
    "isTemplate": false,
    "count": 0,
    "lang": "pt-br",
    "updated": 0
  },
  {
    "id": "e0aa37b4-76d8-4449-9373-e88ae1dfff84",
    "data": [
      {
        "text": "qual a causa da ",
        "userDefined": false
      },
      {
        "text": "asma",
        "meta": "@doencas",
        "alias": "doencas",
        "userDefined": false
      },
      {
        "text": "?",
        "userDefined": false
      }
    ],
    "isTemplate": false,
    "count": 0,
    "lang": "pt-br",
    "updated": 0
  }
]