[
  {
    "id": "54873c91-9fcc-4f1b-ab06-f6a5f0ba42f5",
    "data": [
      {
        "text": "quais os sintomas da ",
        "userDefined": false
      },
      {
        "text": "hipertensão",
        "meta": "@doencas",
        "alias": "doencas",
        "userDefined": false
      },
      {
        "text": "?",
        "userDefined": false
      }
    ],
    "isTemplate": false,
    "count": 0,
    "lang": "pt-br",
    "updated": 0
  },
  {
    "id": "9ca79b4e-4b54-49e9-bf65-73add3035a4e",
    "data": [
      {
        "text": "sintomas",
        "userDefined": false
      }
    ],
    "isTemplate": false,
    "count": 0,
    "lang": "pt-br",
    "updated": 0
  },
  {
    "id": "55d5eda8-78f9-4e3a-9199-8f63722c4e0f",
    "data": [
      {
        "text": "sintomas ",
        "userDefined": false
      },
      {
        "text": "hipertensão",
        "meta": "@doencas",
        "alias": "doencas",
        "userDefined": false
      }
    ],
    "isTemplate": false,
    "count": 0,
    "lang": "pt-br",
    "updated": 0
  }
]