[
  {
    "id": "01d23ec5-9907-4638-8237-26376d28285c",
    "data": [
      {
        "text": "cura ",
        "userDefined": false
      },
      {
        "text": "asma",
        "meta": "@doencas",
        "alias": "doencas",
        "userDefined": false
      }
    ],
    "isTemplate": false,
    "count": 0,
    "lang": "pt-br",
    "updated": 0
  },
  {
    "id": "3b0c6222-5142-4362-90bb-5e4749b25f1a",
    "data": [
      {
        "text": "tratamento ",
        "userDefined": false
      },
      {
        "text": "asma",
        "meta": "@doencas",
        "alias": "doencas",
        "userDefined": false
      }
    ],
    "isTemplate": false,
    "count": 0,
    "lang": "pt-br",
    "updated": 0
  },
  {
    "id": "960b1f07-40b4-4e32-bcf1-58a0a6b93423",
    "data": [
      {
        "text": "tem tratamento ",
        "userDefined": false
      },
      {
        "text": "para",
        "meta": "@sys.ignore",
        "userDefined": false
      },
      {
        "text": " a ",
        "userDefined": false
      },
      {
        "text": "asma",
        "meta": "@doencas",
        "alias": "doencas",
        "userDefined": false
      },
      {
        "text": "?",
        "userDefined": false
      }
    ],
    "isTemplate": false,
    "count": 0,
    "lang": "pt-br",
    "updated": 0
  },
  {
    "id": "b77256bb-524d-442f-a539-ab78fda802a8",
    "data": [
      {
        "text": "qual a cura pra ",
        "userDefined": false
      },
      {
        "text": "asma",
        "meta": "@doencas",
        "alias": "doencas",
        "userDefined": false
      },
      {
        "text": "?",
        "userDefined": false
      }
    ],
    "isTemplate": false,
    "count": 0,
    "lang": "pt-br",
    "updated": 0
  }
]