[
  {
    "id": "30b7403c-333c-4cdf-a12c-c238d3a8c2c2",
    "data": [
      {
        "text": "não sei",
        "userDefined": false
      }
    ],
    "isTemplate": false,
    "count": 0,
    "lang": "pt-br",
    "updated": 0
  },
  {
    "id": "04d0dd73-9474-4b8a-adcf-7bccf400d1c6",
    "data": [
      {
        "text": "no que voce pode me ",
        "userDefined": false
      },
      {
        "text": "ajudar?",
        "meta": "@usuario_digita_ajudar",
        "alias": "usuario_digita_ajudar",
        "userDefined": true
      }
    ],
    "isTemplate": false,
    "count": 0,
    "lang": "pt-br",
    "updated": 0
  },
  {
    "id": "45be83cb-efe4-47a1-9627-a5781dc1ace7",
    "data": [
      {
        "text": "meu nome é ",
        "userDefined": false
      },
      {
        "text": "jeferson",
        "meta": "@sys.person",
        "alias": "person",
        "userDefined": true
      },
      {
        "text": " e eu preciso ",
        "userDefined": false
      },
      {
        "text": "de",
        "meta": "@sys.ignore",
        "userDefined": false
      },
      {
        "text": " ",
        "userDefined": false
      },
      {
        "text": "ajuda",
        "meta": "@usuario_digita_ajudar",
        "alias": "usuario_digita_ajudar",
        "userDefined": false
      }
    ],
    "isTemplate": false,
    "count": 0,
    "lang": "pt-br",
    "updated": 0
  },
  {
    "id": "ac435883-ed63-441d-9232-c7c70c0436f2",
    "data": [
      {
        "text": "me",
        "meta": "@sys.ignore",
        "userDefined": false
      },
      {
        "text": " ",
        "userDefined": false
      },
      {
        "text": "ajuda",
        "meta": "@usuario_digita_ajudar",
        "alias": "usuario_digita_ajudar",
        "userDefined": true
      }
    ],
    "isTemplate": false,
    "count": 0,
    "lang": "pt-br",
    "updated": 0
  },
  {
    "id": "6a1b21ed-0fbf-4921-9ce9-b81738a5dfdb",
    "data": [
      {
        "text": "preciso de ",
        "userDefined": false
      },
      {
        "text": "ajuda",
        "meta": "@usuario_digita_ajudar",
        "alias": "usuario_digita_ajudar",
        "userDefined": false
      }
    ],
    "isTemplate": false,
    "count": 0,
    "lang": "pt-br",
    "updated": 0
  },
  {
    "id": "9b146f53-bfb6-44e4-8213-f0ffe0f3ba90",
    "data": [
      {
        "text": "Como você pode me ",
        "userDefined": false
      },
      {
        "text": "ajudar",
        "meta": "@usuario_digita_ajudar",
        "alias": "usuario_digita_ajudar",
        "userDefined": false
      }
    ],
    "isTemplate": false,
    "count": 0,
    "lang": "pt-br",
    "updated": 0
  }
]