[
  {
    "id": "f5b1309e-f522-46aa-bd29-1f8ab2de11c3",
    "data": [
      {
        "text": "quero parcelar no boleto e meu email é ",
        "userDefined": false
      },
      {
        "text": "rogerio@yahoo.com",
        "meta": "@sys.email",
        "alias": "email",
        "userDefined": true
      }
    ],
    "isTemplate": false,
    "count": 0,
    "lang": "pt-br",
    "updated": 0
  },
  {
    "id": "abe7c505-4920-4e7f-ba06-d46a5f177463",
    "data": [
      {
        "text": "quero parcelar no boleto e meu email é ",
        "userDefined": false
      },
      {
        "text": "sandro@outlook.com",
        "meta": "@sys.email",
        "alias": "email",
        "userDefined": true
      }
    ],
    "isTemplate": false,
    "count": 0,
    "lang": "pt-br",
    "updated": 0
  },
  {
    "id": "fae133f7-5981-4114-b35a-93b580d09ce2",
    "data": [
      {
        "text": "quero parcelar no boleto e meu e-mail é ",
        "userDefined": false
      },
      {
        "text": "roberto@hotmail.com",
        "meta": "@sys.email",
        "alias": "email",
        "userDefined": true
      }
    ],
    "isTemplate": false,
    "count": 0,
    "lang": "pt-br",
    "updated": 0
  },
  {
    "id": "33683619-f431-47ea-bd3a-a9d80b11516d",
    "data": [
      {
        "text": "quero parcelar no boleto e meu email é ",
        "userDefined": false
      },
      {
        "text": "jeffolivera01@gmail.com",
        "meta": "@sys.email",
        "alias": "email",
        "userDefined": true
      }
    ],
    "isTemplate": false,
    "count": 0,
    "lang": "pt-br",
    "updated": 0
  },
  {
    "id": "a8955a5d-4f2f-49ca-a8b2-d023900f841e",
    "data": [
      {
        "text": "quero parcelar por boleto",
        "userDefined": false
      }
    ],
    "isTemplate": false,
    "count": 0,
    "lang": "pt-br",
    "updated": 0
  },
  {
    "id": "e980f312-8e2b-4b11-a6b4-6b401dbeb2f9",
    "data": [
      {
        "text": "boleto bancario",
        "userDefined": false
      }
    ],
    "isTemplate": false,
    "count": 0,
    "lang": "pt-br",
    "updated": 0
  },
  {
    "id": "db454e00-43b4-42ed-9a95-c160f92f83e7",
    "data": [
      {
        "text": "boleto",
        "meta": "@sys.ignore",
        "userDefined": false
      }
    ],
    "isTemplate": false,
    "count": 0,
    "lang": "pt-br",
    "updated": 0
  },
  {
    "id": "3950ab94-9899-46c3-8db1-6cce3bd772dd",
    "data": [
      {
        "text": "por boleto",
        "userDefined": false
      }
    ],
    "isTemplate": false,
    "count": 0,
    "lang": "pt-br",
    "updated": 0
  },
  {
    "id": "c0bde880-9a46-4de3-b8d0-f5b7b8daf3ce",
    "data": [
      {
        "text": "via boleto",
        "userDefined": false
      }
    ],
    "isTemplate": false,
    "count": 0,
    "lang": "pt-br",
    "updated": 0
  }
]