[
  {
    "id": "7c787151-bdbf-4266-8809-ce1453d58172",
    "data": [
      {
        "text": "página anterior",
        "meta": "@menu",
        "alias": "menu",
        "userDefined": true
      }
    ],
    "isTemplate": false,
    "count": 2,
    "lang": "pt-br",
    "updated": 0
  },
  {
    "id": "a6b3fddb-1ef9-4cd9-9ab8-26523f78ca75",
    "data": [
      {
        "text": "leia os resultados anteriores",
        "meta": "@menu",
        "alias": "menu",
        "userDefined": true
      }
    ],
    "isTemplate": false,
    "count": 2,
    "lang": "pt-br",
    "updated": 0
  },
  {
    "id": "af7b7c10-0a98-4528-85ed-3cd7c65ecc31",
    "data": [
      {
        "text": "voltar para a página anterior",
        "meta": "@menu",
        "alias": "menu",
        "userDefined": true
      }
    ],
    "isTemplate": false,
    "count": 0,
    "lang": "pt-br",
    "updated": 0
  },
  {
    "id": "a699518b-dc72-4966-9fde-bafafa2f2c4e",
    "data": [
      {
        "text": "volte",
        "meta": "@menu",
        "alias": "menu",
        "userDefined": true
      }
    ],
    "isTemplate": false,
    "count": 1,
    "lang": "pt-br",
    "updated": 0
  },
  {
    "id": "0ffa8e6b-f2b2-4271-abbe-bb3d12a4ae40",
    "data": [
      {
        "text": "vá para os resultados anteriores",
        "meta": "@menu",
        "alias": "menu",
        "userDefined": true
      }
    ],
    "isTemplate": false,
    "count": 1,
    "lang": "pt-br",
    "updated": 0
  },
  {
    "id": "79e02b94-bea3-4f93-abc3-ea3382b24fe2",
    "data": [
      {
        "text": "voltar ao anterior",
        "meta": "@menu",
        "alias": "menu",
        "userDefined": true
      }
    ],
    "isTemplate": false,
    "count": 2,
    "lang": "pt-br",
    "updated": 0
  },
  {
    "id": "5f0bf3b9-2e56-4725-af94-2be131a660dd",
    "data": [
      {
        "text": "vá para a página anterior",
        "meta": "@menu",
        "alias": "menu",
        "userDefined": true
      }
    ],
    "isTemplate": false,
    "count": 0,
    "lang": "pt-br",
    "updated": 0
  },
  {
    "id": "b1bf1820-c36d-42e4-ab40-01a5fc329b05",
    "data": [
      {
        "text": "voltar",
        "meta": "@menu",
        "alias": "menu",
        "userDefined": true
      }
    ],
    "isTemplate": false,
    "count": 1,
    "lang": "pt-br",
    "updated": 0
  },
  {
    "id": "58a955de-862b-40ed-93cf-561cb9979dfb",
    "data": [
      {
        "text": "anterior",
        "meta": "@menu",
        "alias": "menu",
        "userDefined": true
      }
    ],
    "isTemplate": false,
    "count": 0,
    "lang": "pt-br",
    "updated": 0
  }
]