[
  {
    "id": "202cf988-f9a6-4214-a38d-ec87be8c1e5a",
    "data": [
      {
        "text": "sinistro",
        "meta": "@SINISTRO",
        "alias": "sinistro",
        "userDefined": false
      }
    ],
    "isTemplate": false,
    "count": 0,
    "lang": "pt-br",
    "updated": 0
  },
  {
    "id": "d6686cce-7c73-4998-a4a1-2518c170bf4d",
    "data": [
      {
        "text": "numero 1",
        "meta": "@SINISTRO",
        "alias": "sinistro",
        "userDefined": true
      }
    ],
    "isTemplate": false,
    "count": 0,
    "lang": "pt-br",
    "updated": 0
  },
  {
    "id": "b52e58e0-deb9-4ea1-be58-e0b36bba2927",
    "data": [
      {
        "text": "opcao1",
        "meta": "@SINISTRO",
        "alias": "sinistro",
        "userDefined": true
      }
    ],
    "isTemplate": false,
    "count": 0,
    "lang": "pt-br",
    "updated": 0
  },
  {
    "id": "e5449f1c-c8bc-46af-8e68-8d309f43af00",
    "data": [
      {
        "text": "Opção 1",
        "meta": "@SINISTRO",
        "alias": "sinistro",
        "userDefined": true
      }
    ],
    "isTemplate": false,
    "count": 0,
    "lang": "pt-br",
    "updated": 0
  },
  {
    "id": "1701af8f-1413-4d7e-8784-bdd18e2db9d1",
    "data": [
      {
        "text": "Numero1",
        "meta": "@SINISTRO",
        "alias": "sinistro",
        "userDefined": true
      }
    ],
    "isTemplate": false,
    "count": 0,
    "lang": "pt-br",
    "updated": 0
  },
  {
    "id": "6e64a073-9dad-4211-a66c-bff61988a16e",
    "data": [
      {
        "text": "1",
        "meta": "@SINISTRO",
        "alias": "sinistro",
        "userDefined": true
      }
    ],
    "isTemplate": false,
    "count": 0,
    "lang": "pt-br",
    "updated": 0
  }
]