[
  {
    "id": "baefc888-3b67-43fa-b460-e0e9952fee97",
    "data": [
      {
        "text": "ir para atendimento",
        "meta": "@Atendente",
        "alias": "Atendente",
        "userDefined": true
      }
    ],
    "isTemplate": false,
    "count": 0,
    "lang": "pt-br",
    "updated": 0
  },
  {
    "id": "96237db3-dd1a-4126-8103-210d4618b71b",
    "data": [
      {
        "text": "atendimento",
        "meta": "@Atendente",
        "alias": "Atendente",
        "userDefined": true
      }
    ],
    "isTemplate": false,
    "count": 0,
    "lang": "pt-br",
    "updated": 0
  },
  {
    "id": "9dfa684a-486f-42a1-88f1-111981379412",
    "data": [
      {
        "text": "número 2",
        "meta": "@Atendente",
        "alias": "Atendente",
        "userDefined": true
      }
    ],
    "isTemplate": false,
    "count": 0,
    "lang": "pt-br",
    "updated": 0
  },
  {
    "id": "57fd60d3-8981-4799-9c71-782370253e48",
    "data": [
      {
        "text": "atendente",
        "meta": "@Atendente",
        "alias": "Atendente",
        "userDefined": false
      }
    ],
    "isTemplate": false,
    "count": 0,
    "lang": "pt-br",
    "updated": 0
  },
  {
    "id": "62efba92-f8b7-4b0f-a6a2-5c0831a7959f",
    "data": [
      {
        "text": "falar com atendente",
        "meta": "@Atendente",
        "alias": "Atendente",
        "userDefined": true
      }
    ],
    "isTemplate": false,
    "count": 0,
    "lang": "pt-br",
    "updated": 0
  },
  {
    "id": "2d6345b0-e6f3-4037-8ff0-5eb576b6bb2b",
    "data": [
      {
        "text": "numero 2",
        "meta": "@Atendente",
        "alias": "Atendente",
        "userDefined": true
      }
    ],
    "isTemplate": false,
    "count": 0,
    "lang": "pt-br",
    "updated": 0
  },
  {
    "id": "c72c2e9f-b39c-481e-a13d-bd5075ddf595",
    "data": [
      {
        "text": "opção 2",
        "meta": "@Atendente",
        "alias": "Atendente",
        "userDefined": true
      }
    ],
    "isTemplate": false,
    "count": 0,
    "lang": "pt-br",
    "updated": 0
  },
  {
    "id": "d72c178b-08c9-44dc-908a-6edbc5f5919a",
    "data": [
      {
        "text": "opcao 2",
        "meta": "@Atendente",
        "alias": "Atendente",
        "userDefined": true
      }
    ],
    "isTemplate": false,
    "count": 0,
    "lang": "pt-br",
    "updated": 0
  },
  {
    "id": "bf818786-056e-4eaa-8594-88c90bbac682",
    "data": [
      {
        "text": "2",
        "meta": "@Atendente",
        "alias": "Atendente",
        "userDefined": false
      }
    ],
    "isTemplate": false,
    "count": 0,
    "lang": "pt-br",
    "updated": 0
  }
]