[
  {
    "id": "62f7da08-c11b-41a2-ae46-5c7e88ae6de7",
    "data": [
      {
        "text": "55538174042",
        "userDefined": false
      }
    ],
    "isTemplate": false,
    "count": 0,
    "lang": "pt-br",
    "updated": 0
  },
  {
    "id": "d1982b00-922e-4b97-8220-a964e318cb74",
    "data": [
      {
        "text": "meu CPF: ",
        "userDefined": false
      },
      {
        "text": "555.381.740",
        "meta": "@sys.number",
        "alias": "number",
        "userDefined": false
      },
      {
        "text": "-",
        "userDefined": false
      },
      {
        "text": "42",
        "meta": "@sys.number",
        "alias": "number",
        "userDefined": false
      }
    ],
    "isTemplate": false,
    "count": 0,
    "lang": "pt-br",
    "updated": 0
  },
  {
    "id": "ef5f2610-4029-4fa4-870e-beca542ddd53",
    "data": [
      {
        "text": "555.381.740-42",
        "meta": "@sys.number",
        "alias": "number",
        "userDefined": true
      }
    ],
    "isTemplate": false,
    "count": 0,
    "lang": "pt-br",
    "updated": 0
  }
]