[
  {
    "id": "e0e3f713-ffd4-4334-81a3-546a6a02ed8a",
    "data": [
      {
        "text": "check ",
        "userDefined": false
      },
      {
        "text": "out",
        "meta": "@sys.ignore",
        "userDefined": false
      }
    ],
    "isTemplate": false,
    "count": 0,
    "lang": "pt-br",
    "updated": 0
  },
  {
    "id": "57808716-863e-493a-b0e2-2e4775d882a7",
    "data": [
      {
        "text": "check-",
        "userDefined": false
      },
      {
        "text": "out",
        "meta": "@sys.ignore",
        "userDefined": false
      }
    ],
    "isTemplate": false,
    "count": 0,
    "lang": "pt-br",
    "updated": 0
  },
  {
    "id": "05da720b-fbfb-449b-bd0b-ff0b95fc52bc",
    "data": [
      {
        "text": "checkout",
        "userDefined": false
      }
    ],
    "isTemplate": false,
    "count": 0,
    "lang": "pt-br",
    "updated": 0
  },
  {
    "id": "3d1bd73f-effb-4957-9e7a-f9d470d69126",
    "data": [
      {
        "text": "eu sou ",
        "userDefined": false
      },
      {
        "text": "jeferson",
        "meta": "@sys.person",
        "alias": "person",
        "userDefined": false
      },
      {
        "text": " e gostaria de fazer o check-",
        "userDefined": false
      },
      {
        "text": "out",
        "meta": "@sys.ignore",
        "userDefined": false
      }
    ],
    "isTemplate": false,
    "count": 0,
    "lang": "pt-br",
    "updated": 0
  }
]