[
  {
    "id": "8fa394d0-ae37-499a-baf0-7c6a3e0074d1",
    "data": [
      {
        "text": "check-in",
        "userDefined": false
      }
    ],
    "isTemplate": false,
    "count": 0,
    "lang": "pt-br",
    "updated": 0
  },
  {
    "id": "4bb8473b-ed80-4e0d-aad5-2856ce51c406",
    "data": [
      {
        "text": "check in",
        "userDefined": false
      }
    ],
    "isTemplate": false,
    "count": 0,
    "lang": "pt-br",
    "updated": 0
  },
  {
    "id": "cc487ce2-0bb2-44f9-a6bc-e3abf8c278ea",
    "data": [
      {
        "text": "checkin",
        "userDefined": false
      }
    ],
    "isTemplate": false,
    "count": 0,
    "lang": "pt-br",
    "updated": 0
  },
  {
    "id": "90b6eefc-082f-4f97-ab61-605a1c966ca8",
    "data": [
      {
        "text": "fazer check-in",
        "userDefined": false
      }
    ],
    "isTemplate": false,
    "count": 1,
    "lang": "pt-br",
    "updated": 0
  },
  {
    "id": "4d69f8d1-04ad-4b90-ae9d-4f782687fd3d",
    "data": [
      {
        "text": "eu sou ",
        "userDefined": false
      },
      {
        "text": "jeferson",
        "meta": "@sys.person",
        "alias": "person",
        "userDefined": false
      },
      {
        "text": " e gostaria de fazer o check-in",
        "userDefined": false
      }
    ],
    "isTemplate": false,
    "count": 0,
    "lang": "pt-br",
    "updated": 0
  }
]