[
  {
    "id": "c7e52208-a1df-4228-a520-76abfc3b1f44",
    "data": [
      {
        "text": "fazer evento",
        "userDefined": false
      }
    ],
    "isTemplate": false,
    "count": 0,
    "lang": "pt-br",
    "updated": 0
  },
  {
    "id": "8bc9cf0f-8d47-4fd4-874d-f89ac003e729",
    "data": [
      {
        "text": "evento",
        "userDefined": false
      }
    ],
    "isTemplate": false,
    "count": 0,
    "lang": "pt-br",
    "updated": 0
  },
  {
    "id": "aaa2171b-2aa9-4c5c-9a65-e9e040cf56ed",
    "data": [
      {
        "text": "eu sou ",
        "userDefined": false
      },
      {
        "text": "jeferson",
        "meta": "@sys.person",
        "alias": "person",
        "userDefined": false
      },
      {
        "text": " e gostaria de fazer ",
        "userDefined": false
      },
      {
        "text": "um",
        "meta": "@sys.ignore",
        "userDefined": false
      },
      {
        "text": " evento",
        "userDefined": false
      }
    ],
    "isTemplate": false,
    "count": 0,
    "lang": "pt-br",
    "updated": 0
  }
]